{
  "cpu_system_s": 0.0,
  "cpu_user_s": 0.02999999999999997,
  "ctx_switch_involuntary": 1,
  "ctx_switch_voluntary": 70,
  "duration_s": 0.099248558999534,
  "errors": 0,
  "latency_ms": {
    "p50": 8.755899000334466,
    "p95": 12.765198450188109,
    "p99": 13.05994694963374
  },
  "n": 2000,
  "rps": 20151.426077726635,
  "rss_mb": 25.3125
}
