{
  "cpu_system_s": 0.07,
  "cpu_user_s": 0.10999999999999999,
  "ctx_switch_involuntary": 0,
  "ctx_switch_voluntary": 1362,
  "duration_s": 0.18093081700044422,
  "errors": 0,
  "latency_ms": {
    "p50": 8.29609700031142,
    "p95": 12.330219299838063,
    "p99": 12.494441610115246
  },
  "n": 1000,
  "rps": 5526.974434640091,
  "rss_mb": 22.5
}
